{
  "baseline_csv": "../fulldf_date_removeAbOod_G40L80SOC_all.csv",
  "name": "baseline",
  "target_col": "SOH",
  "feature_cols": [
    "R0",
    "R1",
    "R2",
    "R3"
  ],
  "soc_min": 0.4,
  "soc_max": 0.8,
  "sigma": 0.03876298021814258,
  "n_train": 5251,
  "r2": 0.983384714888793,
  "mae": 0.03270788935553371,
  "rmse": 0.03874452077606614
}